Researcher,Year,Title,Type,Tier,Primary topics,Review status,Verified URL
Christian Wildhagen,2000,Die Achte Symphonie von Gustav Mahler: Konzeption einer universalen Symphonik,Monograph,A+,whole work; philosophy; universal symphony,metadata verified,https://books.google.com/books/about/Die_Achte_Symphonie_von_Gustav_Mahler.html?id=9ykIAQAAMAAJ
Christian Wildhagen,2011,Ahnung des Absoluten: Die Achte Symphonie,Book chapter,A+,whole work; intellectual/spiritual conception,metadata verified; 62 pp,https://www.gustav-mahler.org/archiv/suche
Christian Wildhagen,2007,The ‘greatest’ and the ‘most personal’: the Eighth Symphony and Das Lied von der Erde,Book chapter,A,creative context; work status,publisher summary reviewed,https://www.cambridge.org/core/books/abs/cambridge-companion-to-mahler/greatest-and-the-most-personal-the-eighth-symphony-and-das-lied-von-der-erde/4279B72ADED78D99B3020C5D61025E49
John Williamson,1999,The Eighth Symphony,Book chapter,A,form; symphonic logic,metadata verified,https://books.google.com/books?id=0WjPARPJzI8C
Donald Mitchell,1985/2002,Gustav Mahler: Songs and Symphonies of Life and Death,Monograph volume,A,Veni Creator; Part II; manuscripts,TOC verified,https://boydellandbrewer.com/book/gustav-mahler-pb/
Constantin Floros,,Gustav Mahler: The Symphonies,Monograph,A,semantic/programmatic analysis; Part II Faust,TOC verified,https://books.google.com/books/about/Gustav_Mahler.html?id=Eh8ZAQAAIAAJ
Henry-Louis de La Grange,1992,The Eighth: Exception or Crowning Achievement?,Book chapter,A,work status; synthesis,metadata verified,https://www.gustav-mahler.org/archiv/suche
Charles Andersen,2025,Form and Structure in Part II of Gustav Mahler’s Symphony No. 8 Using Kofi Agawu’s Paradigmatic Analysis,DMA dissertation,A+,Part II form; paradigmatic analysis,open full text,https://digital.library.unt.edu/ark:/67531/metadc2481293/
Richard Specht,1912,Gustav Mahler's VIII. Symphonie: Thematische Analyse,Early thematic analysis,A-historical,early form/thematic reception,open/full historical source,https://play.google.com/store/books/details/Richard_Specht_Gustav_Mahler_s_VIII_Symphonie?id=SxLwU-H903UC
David B. Greene,1984,"Mahler, Consciousness and Temporality",Monograph,A-,form; temporality; transfigured consciousness,TOC verified,https://openlibrary.org/books/OL3169517M
Carl Niekerk,2006/2007,Mahler's Goethe,Journal article,A/B+,Goethe; nation; cultural identity,extract reviewed,https://academic.oup.com/mq/article/89/2-3/237/1002327
James L. Zychowicz,2019,Mahler’s Eighth and the Faust Symphonic Tradition,Oxford Handbook chapter,A/B+,Faust symphonic tradition,abstract reviewed,https://academic.oup.com/edited-volume/28297/chapter-abstract/214515954
Eftychia Papanikolaou,2017,Linking Christian and Faustian Utopias,Book chapter,A/B+,Veni Creator; Faust; utopia; textual unity,summary reviewed,https://scholarworks.bgsu.edu/cma_pub/11/
Dorothee Bauer,2023,Veni Creator Spiritus: Der Heilig-Geist-Hymnus in Gustav Mahlers Achter Sinfonie,Journal article,B+,theology; Veni Creator; Faust hermeneutics,abstract reviewed,https://www.herder.de/communio/hefte/archiv/52-2023/1-2023/veni-creator-spiritus-der-heilig-geist-hymnus-in-gustav-mahlers-achter-sinfonie/
Vladislav E. Devutsky,2016,The Universal Mystery of 1906: the Spiritual Conception of Gustav Mahler’s Eighth Symphony,Journal article,B,spiritual conception; Divine/Human,abstract reviewed,https://www.musicscholar.ru/index.php/PMN/article/view/291
Peter Revers,2017,Gustav Mahler’s Eighth Symphony and Max Reinhardt’s Concept of Massenregie,Book chapter,B+,theatre; masses; Gesamtkunstwerk,abstract reviewed,https://academic.oup.com/book/11104/chapter/159535144
Vera Micznik,2026,Echoes of Reception History in Schumann’s and Mahler’s Closing Scene of Goethe’s Faust,IGMG journal article,A/B+,Schumann/Mahler; Faust reception; narrative,metadata verified,https://www.gustav-mahler.org/nmf-78
Elisabeth Kappel (ed.),2011,The Total Work of Art: Mahler’s Eighth Symphony in Context,Edited collection,A+,multi-angle Mahler VIII research,full TOC verified,https://www.gustav-mahler.org/libraryid/30334
Eveline Nikkels & Robert Becqué (eds.),1992,A “Mass” for the Masses,Symposium proceedings,A+,Mahler VIII symposium; form; reception; metaphysics,full TOC verified,https://www.gustav-mahler.org/libraryid/30018
